{
  "ariaExpanded": "true",
  "logoRects": [
    {
      "bottom": 121.265625,
      "height": 109.265625,
      "left": 1065.65625,
      "right": 1207.609375,
      "top": 12,
      "width": 141.953125
    },
    {
      "bottom": 121.265625,
      "height": 109.265625,
      "left": 1232.609375,
      "right": 1338.6875,
      "top": 12,
      "width": 106.078125
    }
  ],
  "logosFullyVisible": true,
  "toolbarOverlapsLogo": false,
  "toolbarRect": {
    "bottom": 94.625,
    "height": 56,
    "left": 43.3125,
    "right": 103.3125,
    "top": 38.625,
    "width": 60
  },
  "viewport": {
    "height": 768,
    "width": 1366
  }
}
