{
  "ariaExpanded": "false",
  "logoRects": [
    {
      "bottom": 96.953125,
      "height": 81.90625,
      "left": 792.609375,
      "right": 899.015625,
      "top": 15.046875,
      "width": 106.40625
    },
    {
      "bottom": 96.953125,
      "height": 81.90625,
      "left": 924.015625,
      "right": 1003.53125,
      "top": 15.046875,
      "width": 79.515625
    }
  ],
  "logosFullyVisible": true,
  "toolbarOverlapsLogo": false,
  "toolbarRect": {
    "bottom": 84,
    "height": 56,
    "left": 36.46875,
    "right": 96.46875,
    "top": 28,
    "width": 60
  },
  "viewport": {
    "height": 768,
    "width": 1024
  }
}
