{
  "ariaExpanded": "false",
  "logoRects": [
    {
      "bottom": 114.390625,
      "height": 102.390625,
      "left": 996.984375,
      "right": 1130,
      "top": 12,
      "width": 133.015625
    },
    {
      "bottom": 114.390625,
      "height": 102.390625,
      "left": 1155,
      "right": 1254.40625,
      "top": 12,
      "width": 99.40625
    }
  ],
  "logosFullyVisible": true,
  "toolbarOverlapsLogo": false,
  "toolbarRect": {
    "bottom": 91.1875,
    "height": 56,
    "left": 41.59375,
    "right": 101.59375,
    "top": 35.1875,
    "width": 60
  },
  "viewport": {
    "height": 800,
    "width": 1280
  }
}
