{
  "ariaExpanded": "true",
  "logoRects": [
    {
      "bottom": 152,
      "height": 140,
      "left": 1538.8125,
      "right": 1720.6875,
      "top": 12,
      "width": 181.875
    },
    {
      "bottom": 152,
      "height": 140,
      "left": 1745.6875,
      "right": 1881.609375,
      "top": 12,
      "width": 135.921875
    }
  ],
  "logosFullyVisible": true,
  "toolbarOverlapsLogo": false,
  "toolbarRect": {
    "bottom": 110,
    "height": 56,
    "left": 54.390625,
    "right": 1185.296875,
    "top": 54,
    "width": 1130.90625
  },
  "viewport": {
    "height": 1080,
    "width": 1920
  }
}
